marca,modelo
AGRINAR,102cv 4x2
AGRINAR,102cv 4x4
AGRINAR,2121 Motor Deutz
AGRINAR,AXIAL 3000 Full
ALFA ROMEO,Brera
ALFA ROMEO,Giulia
ALFA ROMEO,Giulietta
ALFA ROMEO,Mito
ALFA ROMEO,Spider
ALFA ROMEO,Stelvio
APACHE SOLIS,110 WT 4WD
APACHE SOLIS,35 - RX 2WD
APACHE SOLIS,50 - RX 2WD
APACHE SOLIS,50 - RX 4WD
APACHE SOLIS,60 - RX 2WD
APACHE SOLIS,60 - RX 4WD
APACHE SOLIS,75 - RX 2WD
APACHE SOLIS,75 - RX 4WD
APACHE SOLIS,75 - WT 4WD
APACHE SOLIS,90 - WT 2WD
APACHE SOLIS,90 - WT 4WD
AUDI,50 e-tron
AUDI,A1
AUDI,A3
AUDI,A4
AUDI,A5
AUDI,A6
AUDI,A7
AUDI,A8
AUDI,Cuero Premium
AUDI,Front
AUDI,Multitronic Ambition
AUDI,Multitronic Attraction
AUDI,Plus
AUDI,Premium 3Ptas.
AUDI,Q2
AUDI,Q3
AUDI,Q5
AUDI,Q7
AUDI,Q8
AUDI,RS
AUDI,Road Style
AUDI,Serie
AUDI,Sport Cuero
AUDI,Sport Cuero Plus
AUDI,Sportback 55 e-tron
AUDI,TT
AUDI,tronic 3Ptas.
AUDI,tronic 4Ptas.
AUDI,tronic Pack Premium
AUDI,tronic Quattro 4Ptas.
AUDI,tronic S-Line 4Ptas.
BAIC,BJ30
BAIC,BJ40 Plus
BAIC,BJ40 Pro
BAIC,BJ60
BAIC,D20
BAIC,U5
BAIC,X25
BAIC,X35
BAIC,X55
BAIC,X65
BENELLI,Street - Naked
BMW,218i Gran Coupé
BMW,320d Sedán
BMW,328i Gran turismo
BMW,328i Sedán
BMW,330e Sedán
BMW,330i Sedán
BMW,335i Coupé Package
BMW,335i Sedán Package
BMW,35i xDrive Pure
BMW,40d xDrive M Sport /
BMW,719 Tramuntana
BMW,Blackstorm Metallic
BMW,M135 xDrive M
BMW,M235i Gran Coupé
BMW,M240i Coupé
BMW,M240i Coupé LCI II
BMW,M340i xDrive
BMW,M440i Coupé xDrive
BMW,M50 xDrive M
BMW,R Nine T
BMW,Serie 1
BMW,Serie 3
BMW,Serie 4
BMW,Serie 5
BMW,Serie 6
BMW,Serie 7
BMW,Serie 8
BMW,Tour
BMW,Urban
BMW,X1
BMW,X2
BMW,X3
BMW,X4
BMW,X5
BMW,X6
BMW,X7
BMW,Z4
BMW,xDrive20i xLine
BMW,xDrive40i LCI M
BYD,Atto 2 DM-i
BYD,Dolphin
BYD,Shark DMO
BYD,Song Pro
BYD,Yuan Pro
CASE,120A - 120cv
CASE,130A - 130cv
CASE,140 - Motor CASE
CASE,155 - Motor CASE
CASE,170 - Motor CASE
CASE,185 - Motor CASE
CASE,18x4 Full Powershift
CASE,3P.
CASE,6130 4x2 326cv 35
CASE,65v 4x4
CASE,7088 345cv 35 pies
CASE,7130 4x2 378cv 35
CASE,7230 4x4
CASE,8010 325cv 35 pies
CASE,8120 325cv 35 pies
CASE,8230 455cv 40 pies
CASE,Cabinado
CASE,Cosechadoras Axial-F
CASE,Draper
CASE,Drapper 2162 de
CASE,Dual Full
CASE,FULL 4x4 S/Carro
CASE,Full
CASE,PULVERIZADOR
CASE,Patriot 350
CASE,Powershift
CASE,Powershift Full
CASE,S/Carro Dual Full
CASE,SEGADORA
CASE,Tractores Maxxum
CASE,puntos 65cv
CHALLENGER,350/380 HP - 520C
CHALLENGER,410/450 HP - 540C
CHALLENGER,470/510 HP - 560C
CHALLENGER,C660 - 4x2
CHALLENGER,C660 - 4x4
CHALLENGER,C670 - 4x2
CHALLENGER,C670 - 4x4
CHALLENGER,C680 - 4x4
CHALLENGER,R38 R1
CHANGAN,CS15
CHANGAN,CS75
CHANGAN,Utilitarios
CHERY,Arrizo 5
CHERY,Arrizo 8
CHERY,Face
CHERY,Fulwin
CHERY,Fulwin 2
CHERY,QQ
CHERY,Skin
CHERY,Tiggo
CHERY,Tiggo 2
CHERY,Tiggo 2 PRO
CHERY,Tiggo 3
CHERY,Tiggo 4
CHERY,Tiggo 5
CHERY,Tiggo 7
CHERY,Tiggo 8 PRO
CHEVROLET,Agile
CHEVROLET,Astra II
CHEVROLET,Aveo
CHEVROLET,Camaro
CHEVROLET,Captiva
CHEVROLET,Celta
CHEVROLET,Cobalt
CHEVROLET,Corsa II
CHEVROLET,Corvette
CHEVROLET,Cruze
CHEVROLET,Cruze II
CHEVROLET,Easytronic
CHEVROLET,Equinox
CHEVROLET,LS AA DA
CHEVROLET,LTD
CHEVROLET,Meriva
CHEVROLET,Montana
CHEVROLET,Pack AA DA
CHEVROLET,Prisma
CHEVROLET,S10
CHEVROLET,Silverado
CHEVROLET,Sonic
CHEVROLET,Spark
CHEVROLET,Spin
CHEVROLET,Tracker
CHEVROLET,TrailBlazer
CHEVROLET,Vectra
CHEVROLET,Zafira
CHRYSLER,Grand Caravan
CHRYSLER,PT Cruiser
CITROËN,Basalt
CITROËN,Berlingo
CITROËN,C-ELYSÉE
CITROËN,C3 AirCross
CITROËN,C3 Picasso
CITROËN,C4
CITROËN,C4 Aircross
CITROËN,C4 Cactus
CITROËN,C4 Grand Picasso
CITROËN,C4 Lounge
CITROËN,C4 Picasso
CITROËN,C4 Spacetourer
CITROËN,C5
CITROËN,C5 Aircross
CITROËN,C6
CITROËN,Grand C4 Spacetoure
CITROËN,Jumper
CITROËN,Jumpy
CITROËN,Spacetourer
CITROËN,Tendance NAV
CITROËN,Xsara Picasso
CLAAS,pla. 3ra. Gen.
CORADIR,Chiki
CORADIR,Tita
CORADIR,Tita Cuadrilla
CORADIR,Tito
CORVEN,110cc - Cub
CORVEN,ADVENTURE
CORVEN,Cub
CORVEN,Modelos
CORVEN,ON/OFF
CORVEN,Street
DFSK,E5
DFSK,Glory
DFSK,Serie C
DFSK,Serie eC
DODGE,- Techo
DODGE,Journey
DOMY,Utilitario
DON ROQUE,550 250HP Axial
DON ROQUE,550 250HP Axial mix
DONGFENG - DFM,Captain
DONGFENG - DFM,Duolica 1063 CJ 10
DONGFENG - DFM,Liviano
DONGFENG - DFM,Vans
DONGFENG - DFM,W412
DS,4x4 300 BASTILLE+
DS,DS3
DS,DS4
DS,DS9
ELPRA ELECTRIC,MOTO
ELPRA ELECTRIC,SCOOTER
FAW,Actis
FAW,T33
FAW,X40
FERRARI,California
FERRARI,F12
FERRARI,Portofino
FIAT,/ Class / Active II
FIAT,2ABG
FIAT,500X
FIAT,5ptas.
FIAT,Argo
FIAT,Bravo
FIAT,Cronos
FIAT,DA
FIAT,Dobló
FIAT,Ducato
FIAT,Extreme
FIAT,Fastback
FIAT,Fiorino
FIAT,Fiorino QUBO
FIAT,Grand Siena
FIAT,Idea
FIAT,Mobi
FIAT,Palio
FIAT,Palio Adventure
FIAT,Pulse
FIAT,Punto
FIAT,Qubo
FIAT,Siena
FIAT,Stilo
FIAT,Technology
FIAT,Tipo
FIAT,Titano
FIAT,Top
FIAT,Trekking
FIAT,Uno
FIAT,Uno EVO
FIAT,Volcano 4x4 9AT
FIAT,Weekend
FORD,1933/36 CD
FORD,1933/48 EU5
FORD,1933/48 EU5 CD
FORD,3129/34 6X4
FORD,3131/34
FORD,3131/45
FORD,AA ABS
FORD,Aluminio
FORD,Ambiente / Plus
FORD,Ambiente Plus
FORD,Automatica EU5
FORD,Automatizado
FORD,Automatizado EU5
FORD,Bronco
FORD,CD
FORD,Cargo
FORD,Chasis Largo
FORD,Courier
FORD,E/Horizontal EU5
FORD,E/Vertical EU5
FORD,EcoSport
FORD,EcoSport KD
FORD,Edge Plus
FORD,F-4000
FORD,F100
FORD,F150
FORD,Fiesta
FORD,Fiesta KD
FORD,Focus
FORD,Focus III
FORD,Fresh
FORD,Fresh / Energy
FORD,Hybrid eCVT 2WD
FORD,KA
FORD,L39A / G39A / A32A
FORD,Maverick
FORD,Mondeo
FORD,Mustang
FORD,Mustang Mach-E
FORD,Plus
FORD,Ranger
FORD,S-Max
FORD,Sigma Style
FORD,Sigma Trend
FORD,Style
FORD,Territory
FORD,Transit
FORD,Trend
FORD,XL Plus
FORD,XLT
FOTON,614 Caja Flat Bed
FOTON,614 Cargo Box
FOTON,614 Chasis
FOTON,815 Caja Flat Bed
FOTON,815 Cargo Box
FOTON,815 Chasis
FOTON,Gratour
FOTON,King Cab.
FOTON,Livianos - Ultraliviano
FOTON,Tunland
FOTON,View
GAC,Aion ES
GAC,Empow
GAC,Emzoom
GAC,GS8
GEELY,Emgrand Fe 3
GEELY,Emgrand GS
GEELY,Emgrand X7 Sport
GEELY,LC
GEELY,LC Cross
GILERA,ADVENTURE
GILERA,ATV
GILERA,Automatica
GILERA,Cubs
GILERA,Enduro
GILERA,Scooter
GILERA,Street
GREAT WALL,Ora
GREAT WALL,Poer
GREAT WALL,Tank
GREAT WALL,Wingle 6
HAVAL,H1
HAVAL,H2
HEIBAO,HB
HERO,Advance
HINO,Automática
HINO,Cabina
HINO,Camion Pesado
HONDA,ATV
HONDA,Accord
HONDA,Advanced Hybrid
HONDA,Business
HONDA,CRF 1100 Africa
HONDA,CRF 1100 DCT
HONDA,CRV
HONDA,Civic
HONDA,Deluxe
HONDA,Fit
HONDA,HR-V
HONDA,On-Off
HONDA,Pilot
HONDA,Scooter
HONDA,Sports
HONDA,Touring
HONDA,Twin
HONDA,WR-V
HONDA,ZR-V
HUSQVARNA,Travel
HYUNDAI,1Ton.
HYUNDAI,7pas Full Premium
HYUNDAI,AA
HYUNDAI,Creta
HYUNDAI,Euro III
HYUNDAI,Grand Santa Fe
HYUNDAI,Grand i10
HYUNDAI,HB20
HYUNDAI,HD65
HYUNDAI,Ioniq
HYUNDAI,Kona
HYUNDAI,Nav.
HYUNDAI,Santa Fe
HYUNDAI,Seguridad 4Ptas.
HYUNDAI,Seguridad 5Ptas.
HYUNDAI,Staria
HYUNDAI,Tucson
HYUNDAI,Veloster
HYUNDAI,Veracruz
HYUNDAI,i10
HYUNDAI,i30
ISUZU,CD Chasis lgo.
ISUZU,D-Max
ISUZU,D-Max Kenzu
ISUZU,FVR34 K Chasis
ISUZU,FVR34 L Chasis
ISUZU,FVR34 P Chasis
ISUZU,K Chasis corto
ISUZU,L Chasis largo
ISUZU,RBD
IVECO,10m3
IVECO,10m3 2ABG
IVECO,10m3 GNC
IVECO,150 E28 WS 4x4
IVECO,170E30N TA
IVECO,170E30T TA
IVECO,275L CC
IVECO,3690 T.Fuerza
IVECO,4815 T.Fuerza
IVECO,4815 T.Fuerza+kit
IVECO,530S36TY/P
IVECO,6x2
IVECO,6x2 GNC
IVECO,70C14 Hi Matic
IVECO,8+1)
IVECO,8m3 2ABG
IVECO,AA
IVECO,Automático
IVECO,Bitren 60T 3200
IVECO,Cursor
IVECO,Cursor Eu5
IVECO,Daily
IVECO,Escalabilidad 3200
IVECO,Eu2
IVECO,Euro Cargo Cavallino
IVECO,GNC
IVECO,Hi Land / Telematica
IVECO,Hi Road 200S36
IVECO,Hi Road 200S44TA
IVECO,Hi Road 800S48T
IVECO,Hi-Land
IVECO,MLC TB CC
IVECO,NR AA
IVECO,New Tector
IVECO,Nuevo Tector
IVECO,RSU 170E28
IVECO,RSU 240E28
IVECO,S-Way
IVECO,Shift CD 3690
IVECO,Stralis
IVECO,Stralis Eu5
IVECO,TB CC
IVECO,Tector
IVECO,Tector Eu5
IVECO,Telematica
IVECO,Trakker
IVECO,Vertis
IVECO,Vidriado AA
IVECO,m3
IVECO,m3 2ABG
IVECO,m3 2ABG Mixto
JAC,30X
JAC,JS2
JAC,JS4
JAC,JS6
JAC,JS8 PRO
JAC,S2
JAC,S3
JAC,S5
JAC,S7
JAC,T6
JAC,T8
JAC,T9
JAC,X200
JAGUAR,F-Pace
JAGUAR,F-Type
JAGUAR,Prestige
JAGUAR,XE
JAGUAR,XF
JAGUAR,XJ
JAGUAR,XK
JEEP,Cherokee
JEEP,Commander
JEEP,Compass
JEEP,Gladiador
JEEP,Grand Cherokee
JEEP,Patriot
JEEP,Renegade
JEEP,Techo
JEEP,Wrangler
JETOUR,Dashing
JETOUR,T1
JETOUR,T2
JETOUR,X50
JETOUR,X70
JMC,Grand Avenue
JOHN DEERE,(650/85 R38)
JOHN DEERE,187hp
JOHN DEERE,207hp
JOHN DEERE,28R1)
JOHN DEERE,3036EN - 36HP
JOHN DEERE,3Ptos 3 Cil
JOHN DEERE,3Ptos 4 Cil
JOHN DEERE,3Ptos. 4 Cil
JOHN DEERE,3Ptos. CVS
JOHN DEERE,3Ptos. CVS TDPi 9/3
JOHN DEERE,440hp 35''
JOHN DEERE,5082 E 81 HP 4cil.
JOHN DEERE,5090E - 92hp DT
JOHN DEERE,5360hp 35''
JOHN DEERE,6100D - 99hp DT
JOHN DEERE,6110D - 107hp DT
JOHN DEERE,6110J - 108hp DT
JOHN DEERE,6145J - 143hp DT
JOHN DEERE,6165J - 163hp DT
JOHN DEERE,6175M - 175hp
JOHN DEERE,6180J - 180hp DT
JOHN DEERE,6195M - 195hp
JOHN DEERE,7195J - 192hp DT
JOHN DEERE,7210J - 207hp DT
JOHN DEERE,7225J - 222hp DT
JOHN DEERE,7230R - 230hp Doble
JOHN DEERE,7230R - 230hp USA
JOHN DEERE,8245R - 250hp DT
JOHN DEERE,8270R - 260hp DT
JOHN DEERE,8295R - 285hp DT
JOHN DEERE,8320R - 310hp DT
JOHN DEERE,8345R - 335hp DT
JOHN DEERE,8370R 370 HP doble
JOHN DEERE,9470 STS - SS 230hp
JOHN DEERE,9770 STS - DRD
JOHN DEERE,9770 STS - DRS
JOHN DEERE,9770 STS - DS 5360h
JOHN DEERE,9770 STS - SD 5360h
JOHN DEERE,9770 STS - SS 5360h
JOHN DEERE,Dual)
JOHN DEERE,Eq.básic.(800/65R32
JOHN DEERE,Paton 148hp
JOHN DEERE,Paton 200hp
JOHN DEERE,Paton 215hp
JOHN DEERE,S550 - Traccion doble
JOHN DEERE,S550 - Traccion simp
JOHN DEERE,S660 - Traccion doble
JOHN DEERE,S660 - Traccion simp
JOHN DEERE,S670 - Traccion doble
JOHN DEERE,S670 - Traccion simp
JOHN DEERE,S680 - Traccion doble
JOHN DEERE,S680 - Traccion simp
JOHN DEERE,S680 4x4 Duales
JOHN DEERE,S690 - Traccion doble
JOHN DEERE,Simple)
JOHN DEERE,Tractores E
JOHN DEERE,Tractores Serie SE
JOHN DEERE,Transmision
JOHN DEERE,trasero 30 114hp
JOHN DEERE,trasero 30 133hp
JOHN DEERE,trasero 38 114hp
K Y C,Duales
K Y C,Mamut
KAIYI,X3
KAMA,X1
KAWASAKI,ABS
KAWASAKI,Cross
KAWASAKI,Custom
KAWASAKI,Enduro
KAWASAKI,Super Sport
KAWASAKI,Teryx
KAWASAKI,Tourer
KEEWAY,SPORTER
KIA,Carnival
KIA,Cerato
KIA,Chasis
KIA,Elegance 4Ptas.
KIA,Full 4Ptas.
KIA,K-2500
KIA,K-2900
KIA,K3
KIA,K4
KIA,Mohave
KIA,Picanto
KIA,Pick-up
KIA,Premium 4Ptas.
KIA,Premiun 4Ptas.
KIA,Rio
KIA,Rondo
KIA,Sedán
KIA,Seltos
KIA,Sorento
KIA,Soul
KIA,Sportage
KIA,Std. 4Ptas.
KYMCO,Scooter
LAND ROVER,Defender
LAND ROVER,Discovery
LAND ROVER,Freelander
LAND ROVER,HSE
LAND ROVER,Plus
LAND ROVER,Prestige 5Ptas.
LAND ROVER,Range Rover
LAND ROVER,SE Plus 5Ptas.
LAND ROVER,V6
LAND ROVER,V8
LEXUS,ES
LEXUS,GS
LEXUS,IS
LEXUS,LBX
LEXUS,LC
LEXUS,LS
LEXUS,NX
LEXUS,RC
LEXUS,RX
LEXUS,UX
LIFAN,M7
LIFAN,Motos
LIFAN,MyWay
LIFAN,Racer
LIFAN,X50
LIFAN,X60
LIFAN,X70
MACK,Granite - GU813E
MASERATI,Ghibli
MASERATI,Gran Turismo
MASERATI,Levante
MASERATI,Quattroporte
MASSEY FERGUSO,150 CV - MF 7015
MASSEY FERGUSO,175 CV - MF 7017
MASSEY FERGUSO,190 CV - MF 7019
MASSEY FERGUSO,210CV - MF 7021
MASSEY FERGUSO,49CV - MF 2615 4X2
MASSEY FERGUSO,4X4 710-75R42
MASSEY FERGUSO,63CV - MF 2625 4X2
MASSEY FERGUSO,85CV - MF 2640 4X4
MASSEY FERGUSO,FIELDSTAR CON
MAXUS,T60
MAXUS,eDeliver 3
MAXUS,eDeliver 5
MAXUS,eDeliver 9
MERCEDES BENZ,11+1
MERCEDES BENZ,11+1 Fijos
MERCEDES BENZ,12+1
MERCEDES BENZ,15+1
MERCEDES BENZ,15+1 TE
MERCEDES BENZ,19+1
MERCEDES BENZ,19+1 TE
MERCEDES BENZ,200 BlueEfficiency
MERCEDES BENZ,200 CGI Blue
MERCEDES BENZ,250 AMG-Line
MERCEDES BENZ,250 AMG-Line AT8
MERCEDES BENZ,250 BlueEfficiency
MERCEDES BENZ,250 CGI
MERCEDES BENZ,250 CGI Blue
MERCEDES BENZ,250 Progressive
MERCEDES BENZ,300 Coupé 4Matic
MERCEDES BENZ,311 Furgón Street L
MERCEDES BENZ,314 CDI Furgón
MERCEDES BENZ,316 CDI Furgon
MERCEDES BENZ,316 CDI Furgón
MERCEDES BENZ,3250 TN V1
MERCEDES BENZ,3250 TN V1 AA
MERCEDES BENZ,3250 TN V2
MERCEDES BENZ,3250 TN V2 AA
MERCEDES BENZ,350 Avantgarde
MERCEDES BENZ,350 Blue Efficiency
MERCEDES BENZ,350 BlueEffi. 4Matic
MERCEDES BENZ,350 BlueEfficiency
MERCEDES BENZ,3665 Mixto TE 4+1
MERCEDES BENZ,3665 TE Mixto 4+1
MERCEDES BENZ,3665 TE V1
MERCEDES BENZ,3665 TE V1 AA
MERCEDES BENZ,3665 TE V2
MERCEDES BENZ,3665 TN
MERCEDES BENZ,3665 TN AA
MERCEDES BENZ,400 Avantgarde
MERCEDES BENZ,411 CDI Street
MERCEDES BENZ,415 CDI Furgón
MERCEDES BENZ,4325 Mixto TE 4+1
MERCEDES BENZ,4325 TE V2
MERCEDES BENZ,4325 TE V2 AA
MERCEDES BENZ,4325 XL TE V2
MERCEDES BENZ,4325 XL TE V2 AA
MERCEDES BENZ,450 4Matic AMG
MERCEDES BENZ,4X2 CD - Stream 4
MERCEDES BENZ,4X2 CD Stream 5
MERCEDES BENZ,4X2 Ed. Especial
MERCEDES BENZ,4X4 Cabina S
MERCEDES BENZ,500L BlueEfficiency
MERCEDES BENZ,516 CDI Furgón
MERCEDES BENZ,6x2 Bitren
MERCEDES BENZ,9+1 TE
MERCEDES BENZ,9+1 TN
MERCEDES BENZ,A200 BlueEfficiency
MERCEDES BENZ,A200 Progressive
MERCEDES BENZ,A250 BlueEfficiency
MERCEDES BENZ,AA
MERCEDES BENZ,AMG
MERCEDES BENZ,Accelo 1016-39 CE
MERCEDES BENZ,Accelo 815-37
MERCEDES BENZ,Accelo 815-39 CE
MERCEDES BENZ,Actros 1846 LS/36
MERCEDES BENZ,Actros 2045 LS/36
MERCEDES BENZ,Actros 2636 LS/33
MERCEDES BENZ,Actros 2645 LS/33
MERCEDES BENZ,Actros 2646 LS/33
MERCEDES BENZ,Actros 2651 LS/33
MERCEDES BENZ,Actros 2651 LS/40
MERCEDES BENZ,Actros 2663 LS/33
MERCEDES BENZ,Actros 3342 S/36
MERCEDES BENZ,Actros 3344 B/36
MERCEDES BENZ,Actros 3344 K/36
MERCEDES BENZ,Actros 3344 S/33
MERCEDES BENZ,Actros 3351 LS/33
MERCEDES BENZ,Actros 4141 B/42
MERCEDES BENZ,Actros 4144 K/45
MERCEDES BENZ,Actros 4844 K/45
MERCEDES BENZ,Arocs 3342 K/36 6X4
MERCEDES BENZ,Arocs 4136 B/42 8X4
MERCEDES BENZ,Arocs 4845 K/48 8X4
MERCEDES BENZ,Arocs 4848 K/45 8x4
MERCEDES BENZ,Atego 1721-36
MERCEDES BENZ,Atego 1721-48
MERCEDES BENZ,Atego 1721/48
MERCEDES BENZ,Atego 1726 S/36
MERCEDES BENZ,Atego 1726-42
MERCEDES BENZ,Atego 1729 S/36
MERCEDES BENZ,Atego 1729-42
MERCEDES BENZ,Atego 1729-48
MERCEDES BENZ,Atego 1732 S/36
MERCEDES BENZ,Atego 1732-42
MERCEDES BENZ,Atego 1732-48
MERCEDES BENZ,Atego 1932 LS/36
MERCEDES BENZ,Aut. EU5
MERCEDES BENZ,Aut.)
MERCEDES BENZ,Automatizado
MERCEDES BENZ,Axor 2036 S/36 TB
MERCEDES BENZ,Axor 2036/45 TB CD
MERCEDES BENZ,Axor 2536 LS/31 TB
MERCEDES BENZ,Axor 2544 LS/31 6X2
MERCEDES BENZ,Años
MERCEDES BENZ,Bitren
MERCEDES BENZ,Buses
MERCEDES BENZ,CD
MERCEDES BENZ,CD 6X2
MERCEDES BENZ,CD TB
MERCEDES BENZ,CD TE
MERCEDES BENZ,CE
MERCEDES BENZ,CE DISCONTINUO
MERCEDES BENZ,CLE 53 AT9 4Matic+
MERCEDES BENZ,Cabina Dorm 4X2
MERCEDES BENZ,Cabina L Dorm 4X2
MERCEDES BENZ,Cabina L Dorm 6X4
MERCEDES BENZ,Cabina S
MERCEDES BENZ,Clase A
MERCEDES BENZ,Clase B
MERCEDES BENZ,Clase C
MERCEDES BENZ,Clase CLA
MERCEDES BENZ,Clase CLC
MERCEDES BENZ,Clase CLS
MERCEDES BENZ,Clase G
MERCEDES BENZ,Clase GL
MERCEDES BENZ,Clase GLA
MERCEDES BENZ,Clase GLB
MERCEDES BENZ,Clase GLC
MERCEDES BENZ,Clase GLE
MERCEDES BENZ,Clase GLK
MERCEDES BENZ,Clase GLS
MERCEDES BENZ,Clase S
MERCEDES BENZ,Clase SL
MERCEDES BENZ,DISCONTINUO
MERCEDES BENZ,EQA
MERCEDES BENZ,EQE
MERCEDES BENZ,Ed.Especial
MERCEDES BENZ,Ejecutiva
MERCEDES BENZ,Elevado C.Aut.
MERCEDES BENZ,Euro III
MERCEDES BENZ,Frontal
MERCEDES BENZ,Frontal Automatizado
MERCEDES BENZ,Fuera de Ruta
MERCEDES BENZ,Full 15+1 Recl.
MERCEDES BENZ,GLC Coupé 43
MERCEDES BENZ,GLE Coupé 53
MERCEDES BENZ,GT 63 S E
MERCEDES BENZ,Hatchback
MERCEDES BENZ,L Dormitorio 4X2
MERCEDES BENZ,Livianos
MERCEDES BENZ,Manual
MERCEDES BENZ,Medianos
MERCEDES BENZ,Mixto
MERCEDES BENZ,Neum.) EU5
MERCEDES BENZ,OF 1721-59 L EU5
MERCEDES BENZ,Pass
MERCEDES BENZ,Pesados
MERCEDES BENZ,Plus
MERCEDES BENZ,Plus AA
MERCEDES BENZ,Recolector
MERCEDES BENZ,Roadster
MERCEDES BENZ,SL 63 S E
MERCEDES BENZ,SLK 55
MERCEDES BENZ,STD 15+1 Fijos
MERCEDES BENZ,Sedán
MERCEDES BENZ,Semipesados
MERCEDES BENZ,Sport (W 204) Sedán
MERCEDES BENZ,Sport Sedán
MERCEDES BENZ,Sprinter
MERCEDES BENZ,Sprinter Fest
MERCEDES BENZ,T.Fuerza
MERCEDES BENZ,TB
MERCEDES BENZ,TB CD
MERCEDES BENZ,TE
MERCEDES BENZ,Tn)
MERCEDES BENZ,Toma de fuerza EU5
MERCEDES BENZ,Tourer
MERCEDES BENZ,Tradicional CD
MERCEDES BENZ,Viano
MERCEDES BENZ,Vito
MERCEDES BENZ,Wágon
MERCEDES BENZ,electrónico Euro III
MG,ZS
MINI,3Ptas.- John Cooper
MINI,3Ptas.- S Classic
MINI,5Ptas.- S Classic
MINI,Cabrio - John
MINI,Clubman Pepper
MINI,Clubman S Chili
MINI,Cooper
MINI,Countryman C
MINI,Countryman D
MINI,Countryman John
MINI,Countryman S
MINI,Countryman S All4
MINI,Coupé - John
MITSUBISHI,Lancer
MITSUBISHI,Outlander
MOTOMEL,Cubs
MOTOMEL,Edition
MOTOMEL,On-off
MOTOMEL,Scooter
MOTOMEL,Street
MOTOMEL,Utilitarios
NEW HOLLAND,150 Mecánico
NEW HOLLAND,165 Mecánico
NEW HOLLAND,16DHRN - DB416R
NEW HOLLAND,180 Mecánico
NEW HOLLAND,190 Semi Power
NEW HOLLAND,195 Semi Power
NEW HOLLAND,205 Semi Power
NEW HOLLAND,215 con levante
NEW HOLLAND,215 sin levante paton
NEW HOLLAND,240 con levante
NEW HOLLAND,240 sin levante paton
NEW HOLLAND,245 con levante
NEW HOLLAND,245 sin levante paton
NEW HOLLAND,25 pies s/carro
NEW HOLLAND,260 con levante con
NEW HOLLAND,260 con levante dual
NEW HOLLAND,260 sin levante con
NEW HOLLAND,260 sin levante dual
NEW HOLLAND,2WD Argentina
NEW HOLLAND,35 pies DRAPER
NEW HOLLAND,380/70 R24
NEW HOLLAND,380/70 R28
NEW HOLLAND,380FP - 380
NEW HOLLAND,40 pies DRAPER
NEW HOLLAND,4WD
NEW HOLLAND,60BFI - de discos
NEW HOLLAND,710/70 R38
NEW HOLLAND,75BFI - de discos
NEW HOLLAND,900/60 R32
NEW HOLLAND,90BFI - de discos
NEW HOLLAND,Argentina
NEW HOLLAND,Bélgica
NEW HOLLAND,CAB25F/CR Cabezal
NEW HOLLAND,CAB25F/TC Cabezal
NEW HOLLAND,CAB30F Cabezal
NEW HOLLAND,CAB35F Cabezal
NEW HOLLAND,CABR25R 25 pies
NEW HOLLAND,CR6080 2WD
NEW HOLLAND,Cabezal de 25 pies
NEW HOLLAND,Cabezales
NEW HOLLAND,Cabinado Frutero
NEW HOLLAND,Cosechadora
NEW HOLLAND,Cosechadoras Brand
NEW HOLLAND,Cosechadoras Serie
NEW HOLLAND,Despalillador
NEW HOLLAND,Despalillador Imán
NEW HOLLAND,Duales)
NEW HOLLAND,EXITUS
NEW HOLLAND,HS0016 - HS016R
NEW HOLLAND,Inversor Hidráulico
NEW HOLLAND,Picadora
NEW HOLLAND,Plataformado 2WD
NEW HOLLAND,Plataformado 4WD
NEW HOLLAND,Power Shuttle 4WD
NEW HOLLAND,R32
NEW HOLLAND,R42 Dual
NEW HOLLAND,Rotoenfardadora
NEW HOLLAND,SP2500 4WD 27M
NEW HOLLAND,Segadora
NEW HOLLAND,Straddle
NEW HOLLAND,T4030V/2C
NEW HOLLAND,T4030V/4C
NEW HOLLAND,T4050F/4CPS
NEW HOLLAND,T4050F/4RPS
NEW HOLLAND,T6080 Cabinado con
NEW HOLLAND,T6090 Cabinado con
NEW HOLLAND,T7060 /4CD
NEW HOLLAND,T7060 /4CLV
NEW HOLLAND,TC5090 Híbrida
NEW HOLLAND,TL95 E/4C
NEW HOLLAND,TL95 E/4CF
NEW HOLLAND,TL95 E/4CX
NEW HOLLAND,TM7010 /4
NEW HOLLAND,TM7010 /4CL PShift
NEW HOLLAND,TM7010 /4CLD
NEW HOLLAND,TM7010 /4L
NEW HOLLAND,TM7010 E /4C
NEW HOLLAND,TM7010 E /4CL
NEW HOLLAND,TM7020 /4
NEW HOLLAND,TM7020 /4CD PShift
NEW HOLLAND,TM7020 /4CLD
NEW HOLLAND,TM7020 /4L
NEW HOLLAND,TM7020 E/4C Exitus
NEW HOLLAND,TM7020 E/4CD
NEW HOLLAND,TM7020 E/4CL
NEW HOLLAND,TM7020 E/4CLD
NEW HOLLAND,TM7030 /4CDV
NEW HOLLAND,TM7030 /4CLDV
NEW HOLLAND,TM7030 /4CLV Pshift
NEW HOLLAND,TM7030 /4CV Pshift
NEW HOLLAND,TM7030E /4CDV
NEW HOLLAND,TM7030E /4CLDV
NEW HOLLAND,TM7030E /4CV
NEW HOLLAND,TM7040 /4CV
NEW HOLLAND,TM7040 E/4CDV
NEW HOLLAND,TM7040 E/4CLDV
NEW HOLLAND,TM7040 E/4CLV
NEW HOLLAND,TM7040 E/4CV
NEW HOLLAND,TS6020 /4C
NEW HOLLAND,TS6020 /4CSLH
NEW HOLLAND,TS6030 /4C
NEW HOLLAND,TS6030 /4CSLH
NEW HOLLAND,TS6030 /4c
NEW HOLLAND,TS6040 /4C
NEW HOLLAND,TS6040 /4CSLH
NEW HOLLAND,TS6040 /4SLH Sin
NEW HOLLAND,Tractor Boomer
NEW HOLLAND,Tractor Serie 4000
NEW HOLLAND,Tractor Serie S
NEW HOLLAND,Tractor Serie T8
NEW HOLLAND,Tractor Serie T8000
NEW HOLLAND,Tractor Serie T9
NEW HOLLAND,Tractor Serie TD
NEW HOLLAND,Tractor Serie TD5
NEW HOLLAND,Tractor Serie TDF
NEW HOLLAND,Tractor Serie TL
NEW HOLLAND,Tractor Serie TT
NEW HOLLAND,Tractor Serie TT3
NEW HOLLAND,Tractor Serie TT4
NEW HOLLAND,Tractor Workmaster
NEW HOLLAND,cabezal 25 pies
NEW HOLLAND,con Rod. 520/85 R42
NEW HOLLAND,dual 710/50 R42
NEW HOLLAND,dual 710/70 R42
NEW HOLLAND,levante con Duales
NEW HOLLAND,para CR
NEW HOLLAND,paton 900/50 R42
NEW HOLLAND,s/Despalillador
NISSAN,370Z
NISSAN,Altima
NISSAN,E-Power Exclusive
NISSAN,Frontier
NISSAN,Kait
NISSAN,Kicks
NISSAN,Leaf
NISSAN,March
NISSAN,Murano
NISSAN,NP300
NISSAN,Note
NISSAN,Sentra
NISSAN,Teana
NISSAN,Tiida
NISSAN,Versa
PAUNY,230AH
PAUNY,230AH EVO
PAUNY,230CH
PAUNY,250AH
PAUNY,250AH EVO
PAUNY,250CH
PAUNY,280AH EVO
PAUNY,30 Simple
PAUNY,32 Simple
PAUNY,34 Dual
PAUNY,34 Simple
PAUNY,38 Dual
PAUNY,38 Simple
PAUNY,Dual
PAUNY,ECOFRIENDLY
PAUNY,EVO
PAUNY,Motoniveladoras
PAUNY,Potencia
PAUNY,R800/65 R32
PAUNY,Simple
PAUNY,Simple S/Techo
PAUNY,x34 Dual
PEUGEOT,B/Techo
PEUGEOT,Boxer
PEUGEOT,EdG Géneration
PEUGEOT,Expert
PEUGEOT,Hoggar
PEUGEOT,Partner
PEUGEOT,RCZ
PEUGEOT,S GTI Coupe
PEUGEOT,Tiptronic
PEUGEOT,Traveller
PORSCHE,265Kw)
PORSCHE,330Kw)
PORSCHE,4 E-Hydrid
PORSCHE,4S E-Hydrid
PORSCHE,Boxster
PORSCHE,Cabriolet T-Hybrid
PORSCHE,Cayenne
PORSCHE,Cayenne Coupé
PORSCHE,Cayenne GTS
PORSCHE,Cayenne S Diesel
PORSCHE,Cayenne S Hybrid
PORSCHE,Cayenne Turbo GT
PORSCHE,Cayman
PORSCHE,Coupé T-Hybrid
PORSCHE,Hybrid
PORSCHE,Macan
PORSCHE,Panamera
PORSCHE,T-Hybrid
PORSCHE,Taycan
PORSCHE,Turbo E-Hybrid
QJMOTOR,Modelos
RAM,Dakota
RAM,Rampage
RELY,R8
RENAULT,1PLC
RENAULT,2P
RENAULT,2PLC
RENAULT,2PLC Pack
RENAULT,4x2
RENAULT,4x2 OPT
RENAULT,6x2
RENAULT,7as.
RENAULT,AA 1PLC
RENAULT,AA CD PK 2PLC
RENAULT,AA DA PK 2PLC
RENAULT,Alaskan
RENAULT,Authentic P 4X2
RENAULT,Authentic P 4x2
RENAULT,Authentic T 4X2
RENAULT,Boreal
RENAULT,Captur
RENAULT,Clio L/Nueva
RENAULT,Clio Mío
RENAULT,Confort
RENAULT,Confort / Expression
RENAULT,Confort 2P
RENAULT,Confort 2PLC
RENAULT,Confort Plus
RENAULT,Construction P 6X4
RENAULT,DA AA CD PK 2P
RENAULT,DA PK 2PLC
RENAULT,Duster
RENAULT,Evolution
RENAULT,Fluence
RENAULT,GPS
RENAULT,Kangoo
RENAULT,Kangoo E-Tech
RENAULT,Kangoo Furgón
RENAULT,Kangoo II
RENAULT,Kangoo II Express
RENAULT,Kangoo Z.E.
RENAULT,Kardian
RENAULT,Kerax
RENAULT,Koleos
RENAULT,Kwid
RENAULT,Latitude
RENAULT,Limitada
RENAULT,Logan
RENAULT,Megane E-Tech
RENAULT,Midlum
RENAULT,Mégane II
RENAULT,Mégane III
RENAULT,Oroch
RENAULT,Pack Full Luxury
RENAULT,Plus
RENAULT,Plus 2PLC
RENAULT,S/Vid.Tras 2PLC
RENAULT,Sandero
RENAULT,Sandero Stepway
RENAULT,Scénic
RENAULT,Serie Limitada
RENAULT,Symbol
SCANIA,Buses
SCANIA,DISTRIBUCION
SCANIA,HIGHLINE
SCANIA,HighLine
SCANIA,Highline
SCANIA,NTG
SCANIA,PGR Motores DL Con
SCANIA,PGR Motores DL Dis
SCANIA,PGR Motores DL Lar
SCANIA,PGR Motores EU5 C
SCANIA,PGR Motores EU5 G
SCANIA,PRG MOTORES EU5
SCANIA,Serie PGR Construcc
SCANIA,Serie PGR Larga Dis
SEAT,Altea
SEAT,Ibiza
SEAT,León
SERO ELECTRIC,Cargo
SHINERAY,Furgon
SHINERAY,SRM
SHINERAY,T30
SHINERAY,T32
SHINERAY,X30
SIAM,Qu
SIAM,Scooter
SKYWELL,ET5
SMART,Forfour
SMART,Fortwo
SOUEAST,DX3
SSANGYONG,Actyon
SSANGYONG,Korando
SSANGYONG,Kyron
SUBARU,4/5Ptas.
SUBARU,AWD
SUBARU,Crosstrek
SUBARU,Forester
SUBARU,Impreza
SUBARU,Legacy
SUBARU,Limited ES AWD
SUBARU,Tribeca
SUBARU,WRX
SUBARU,XV
SUPER SOCO,- Street
SUPER SOCO,Scooter
SUPER SOCO,Street
SUZUKI,Baleno
SUZUKI,Fun
SUZUKI,Grand Vitara
SUZUKI,Jimny
SUZUKI,New Vitara
SUZUKI,Off-Road / Adventure
SUZUKI,Street / Sport
SUZUKI,Supersport
SUZUKI,Swift
SWM,G01
SWM,G01F
SWM,G03f
SWM,X7
TOYOTA,10as.
TOYOTA,3A 4P L1H1
TOYOTA,3A 5P L2H2
TOYOTA,4x4 CD Conquest
TOYOTA,C-HR Hybrid
TOYOTA,Camry
TOYOTA,Corolla
TOYOTA,Corolla Cross
TOYOTA,Crown
TOYOTA,Etios
TOYOTA,Etios Cross
TOYOTA,Hilux
TOYOTA,Innova
TOYOTA,Land Cruiser
TOYOTA,Prius
TOYOTA,Rav 4
TOYOTA,Supra
TOYOTA,Yaris
TOYOTA,Yaris Cross
TVS,Modelos
VALTRA,125i - 132 HP 4x4
VALTRA,185i - 200 HP 4x4
VALTRA,205i - 210 HP 4x4
VALTRA,A124H Cabinado
VALTRA,A134H Cabinado
VALTRA,R34/710/75 R 42 Dua
VALTRA,S294 Cabinado (600/
VALTRA,S324 Cabinado (600/
VALTRA,Seria S4
VALTRA,T230 - 230 CV
VALTRA,T250 - 250 CV
VALTRA,Tractores A
VALTRA,Tractores A GENERA
VALTRA,Tractores BF
VALTRA,Tractores BH
VALTRA,Tractores BM
VALTRA,Tractores BT
VOGE,AC Classic
VOGE,ATV
VOGE,DS Adventure
VOGE,On-Off
VOGE,R Naked
VOGE,RR Sport
VOGE,Scooter
VOLKSWAGEN,/ Plus
VOLKSWAGEN,170 TSI Trendline
VOLKSWAGEN,200 TSI Highline
VOLKSWAGEN,6x4
VOLKSWAGEN,AA
VOLKSWAGEN,AA V-Tronic
VOLKSWAGEN,ABG ABS)
VOLKSWAGEN,ABS)
VOLKSWAGEN,Advance
VOLKSWAGEN,Amarok
VOLKSWAGEN,Black
VOLKSWAGEN,Bora
VOLKSWAGEN,Buses
VOLKSWAGEN,CC
VOLKSWAGEN,COMPACTOR
VOLKSWAGEN,Cabina Extendida
VOLKSWAGEN,Camiones
VOLKSWAGEN,Comfortline 200
VOLKSWAGEN,Comfortline 200TSI
VOLKSWAGEN,Constellation
VOLKSWAGEN,Cross Cabina Doble
VOLKSWAGEN,DA
VOLKSWAGEN,DISCONTINUO
VOLKSWAGEN,Fox
VOLKSWAGEN,Gol
VOLKSWAGEN,Gol Trend
VOLKSWAGEN,Golf
VOLKSWAGEN,Highline
VOLKSWAGEN,Highline 200TSI
VOLKSWAGEN,Highline 250TSI
VOLKSWAGEN,Highline Hero 200
VOLKSWAGEN,Motion
VOLKSWAGEN,Motion 5Ptas.
VOLKSWAGEN,New Beetle
VOLKSWAGEN,Outfit 200TSI
VOLKSWAGEN,Passat
VOLKSWAGEN,Polo
VOLKSWAGEN,SC Highline
VOLKSWAGEN,SC Tractor
VOLKSWAGEN,SC Trendline
VOLKSWAGEN,Scirocco
VOLKSWAGEN,Suran
VOLKSWAGEN,T-Cross
VOLKSWAGEN,Taos
VOLKSWAGEN,Tera
VOLKSWAGEN,The Beetle
VOLKSWAGEN,Tiguan
VOLKSWAGEN,Tiguan Allspace
VOLKSWAGEN,Tiptronic
VOLKSWAGEN,Tiptronic Cuero
VOLKSWAGEN,Touareg
VOLKSWAGEN,Trendline
VOLKSWAGEN,Trendline 200TSI
VOLKSWAGEN,Tronic
VOLKSWAGEN,Tronic 6x2
VOLKSWAGEN,Up
VOLKSWAGEN,V-Tronic
VOLKSWAGEN,Vento
VOLKSWAGEN,Virtus
VOLKSWAGEN,Voyage
VOLKSWAGEN,Wood
VOLVO,32 TN
VOLVO,330 6x2T/R
VOLVO,370 4x2T/R
VOLVO,370 6x2T/R
VOLVO,380 6x2T/R
VOLVO,420 4x2T/R
VOLVO,420 6x2T/R
VOLVO,460 6x2T/R
VOLVO,500 4x2R Dormitorio
VOLVO,500 4x2T Dormitorio
VOLVO,500 6x2T/R
VOLVO,500 6x4T Dormitorio
VOLVO,540 4X2R Dormitorio
VOLVO,540 4X2T Dormitorio
VOLVO,540 6x2T/R
VOLVO,AA
VOLVO,Alto EVO
VOLVO,Buses
VOLVO,C30
VOLVO,Cross Country T4
VOLVO,Dormitorio ST
VOLVO,EVO
VOLVO,EVO WIN
VOLVO,EX30
VOLVO,Extend. SX
VOLVO,Extend. SXH
VOLVO,Extendida Mixer
VOLVO,FH
VOLVO,FH Eu5
VOLVO,FM / FMX
VOLVO,FM Eu5
VOLVO,FM11
VOLVO,FM13
VOLVO,FMX
VOLVO,FMX Eu5
VOLVO,Luxury
VOLVO,Mixer
VOLVO,Normal C.Pelig.
VOLVO,Normal EVO
VOLVO,Normal EVO WIN
VOLVO,PLUS
VOLVO,RSU
VOLVO,S40
VOLVO,S60
VOLVO,S90
VOLVO,ST
VOLVO,Shift
VOLVO,T8 II Recharged
VOLVO,T8 Recharged AWD
VOLVO,Techo Alto EVO
VOLVO,Techo Norma EVO
VOLVO,Techo Normal EVO
VOLVO,V40
VOLVO,V50
VOLVO,V60
VOLVO,VM
VOLVO,VM Eu5
VOLVO,XC40
VOLVO,XC70
YAMAHA,ATV Deportivos
YAMAHA,ATV Utilitarios
YAMAHA,Adventure /On Off
YAMAHA,Hyper Naked
YAMAHA,Off Road
YAMAHA,Retro
YAMAHA,Scooter
YAMAHA,Street
YAMAHA,Supersport
